<?xml version="1.0"?>
<odoo>

    <data noupdate="0">
        <record id="jira_security_category" model="ir.module.category">
            <field name="name">Jira Integration</field>
            <field name="sequence">90</field>
        </record>

        <record id="jira_security_group_user" model="res.groups">
            <field name="name">User</field>
            <field name="category_id" ref="jira_security_category" />
        </record>

        <record id="jira_security_group_manager" model="res.groups">
            <field name="name">Administrator</field>
            <field name="users" eval="[(4, ref('base.user_root')), (4, ref('base.user_admin'))]"/>
            <field name="implied_ids" eval="[(4, ref('jira_security_group_user'))]" />
            <field name="category_id" ref="jira_security_category" />
        </record>
    </data>

    <record model="res.groups" id="base.group_user">
        <field name="implied_ids" eval="[(4, ref('jira_security_group_user'))]" />
    </record>

</odoo>
