<?xml version="1.0" encoding="UTF-8" ?>

<templates>
    <t t-name="npu_fields_customize.CharFieldWithLinkButton">
        <div class="relative position-relative d-inline">
            <t t-if="props.record.data[props.name]">
                <a t-att-href="props.record.data[props.name]"
                   class="btn btn-sm btn-outline-secondary ms-1"
                   target="_blank"
                   title="Open Agreement Link">
                    <i class="fa fa-globe"></i>
                </a>
            </t>
        </div>
    </t>
</templates>
