<?xml version="1.0" encoding="UTF-8" ?>
<templates id="template" xml:space="preserve">
    <t t-inherit="documents.DocumentsDetailsPanel" t-inherit-mode="extension" >
        <xpath expr="//div[hasclass('o_documents_details_panel')]" position="inside">
            <div class="d-flex mx-auto align-items-center">
                <span class="fw-bold me-2">Agreement Number</span>
                <div class="o_field_widget o_field_char ms-2 w-60">
                    <CharField name="'agreement_number'" record="record" id="'agreement_number'" placeholder.translate="Agreement Number"/>
                </div>
            </div>
            <div class="d-flex mx-auto align-items-center">
                <span class="fw-bold me-2">Agreement (effective) date</span>
                <div class="o_field_widget o_field_char ms-2 w-60">
                    <DateTimeField name="'agreement_effective_date'" record="record" id="'agreement_effective_date'" placeholder.translate="Agreement (effective) date"/>
                </div>
            </div>
            <div class="d-flex mx-auto align-items-center">
                <span class="fw-bold me-2">Brand:</span>
                <div class="o_field_widget o_field_many2one ms-2 w-60">
                                             <Many2OneField
                                                     name="'brand_id'"
                                                     record="record"
                                                     canOpen="false"
                                                     canCreate="documentService.userIsErpManager"
                                                     canCreateEdit="documentService.userIsErpManager"
                                                     canQuickCreate="documentService.userIsErpManager"
                                                     placeholder.translate="BrandName"
                                             />
                </div>
            </div>
            <div class="d-flex mx-auto align-items-center">
                <span class="fw-bold me-2">Counter Party:</span>
                <div class="o_field_widget o_field_many2one ms-2 w-60">
                                                                 <Many2OneField
                                                                         name="'counterparty'"
                                                                         record="record"
                                                                         canOpen="false"
                                                                         canCreate="documentService.userIsErpManager"
                                                                         canCreateEdit="documentService.userIsErpManager"
                                                                         canQuickCreate="documentService.userIsErpManager"
                                                                         placeholder.translate="Counter Party"
                                                                 />
                </div>
            </div>

            <div class="d-flex mx-auto align-items-center">
                <span class="fw-bold me-2">Type of agreement</span>
                <div class="o_field_widget o_field_char ms-2 w-60">
                    <CharField name="'type_of_subject'" record="record" id="'type_of_subject'" placeholder.translate="Type of agreement"/>
                </div>
            </div>

            <div class="d-flex mx-auto align-items-center">
                <span class="fw-bold me-2">Type of Partner</span>
                <div class="o_field_widget o_field_char ms-2 w-60">
                    <CharField name="'type_of_partner'" record="record" id="'type_of_partner'" placeholder.translate="Type of partner"/>
                </div>
            </div>

            <div class="d-flex mx-auto align-items-center">
                <span class="fw-bold me-2">Agreement amount</span>
                <div class="o_field_widget o_field_char ms-2 w-60">
                    <CharField name="'agreement_amount'" record="record" id="'agreement_amount'" placeholder.translate="Agreement amount"/>
                </div>
            </div>

            <div class="d-flex mx-auto align-items-center">
                <span class="fw-bold me-2">Expiration Date</span>
                <div class="o_field_widget o_field_char ms-2 w-60">
                    <DateTimeField name="'expiration_date'" record="record" id="'expiration_date'" placeholder.translate="Expiration Date"/>
                </div>
            </div>


            <div class="d-flex mx-auto align-items-center">
                <span class="fw-bold me-2">Jira Task Link</span>
                <CharWithLinkField name="'jira_task_link'" record="record" id="'jira_task_link'" placeholder.translate="Jira Task Link"/>
            </div>

            <div class="d-flex mx-auto align-items-center">
                <span class="fw-bold me-2">Parent Document:</span>
                <div class="o_field_widget o_field_many2one ms-2 w-60">
                     <Many2OneField
                             name="'parent_document_id'"
                             record="record"
                             canOpen="false"
                             canCreate="documentService.userIsErpManager"
                             canCreateEdit="documentService.userIsErpManager"
                             canQuickCreate="documentService.userIsErpManager"
                             placeholder.translate="Parent Document"
                     />
                </div>
            </div>

            <div class="d-flex mx-auto align-items-center">
                <span class="fw-bold me-2">Odoo Task:</span>
                <div class="o_field_widget o_field_many2one ms-2 w-60">
                     <Many2OneField
                             name="'odoo_task'"
                             record="record"
                             canOpen="false"
                             canCreate="documentService.userIsErpManager"
                             canCreateEdit="documentService.userIsErpManager"
                             canQuickCreate="documentService.userIsErpManager"
                             placeholder.translate="Odoo Task"
                     />
                </div>
            </div>
            <div class="d-flex mx-auto align-items-center">
                <span class="fw-bold me-2">Auto Renewal</span>
                <div class="o_field_widget o_field_char ms-2 w-60">
                    <CharField name="'auto_renewal'" record="record" id="'auto_renewal'" placeholder.translate="Auto Renewal"/>
                </div>
            </div>
            <div class="d-flex mx-auto align-items-center">
                <span class="fw-bold me-2">Agreement link</span>
                <CharWithLinkField name="'agreement_link'" record="record" id="'agreement_link'" placeholder.translate="Agreement link"/>
            </div>
            <div class="d-flex mx-auto align-items-center">
                <span class="fw-bold me-2">Status</span>
                <div class="o_field_widget o_field_char ms-2 w-60">
                    <CharField name="'status'" record="record" id="'status'" placeholder.translate="Status"/>
                </div>
            </div>
            <div class="d-flex mx-auto align-items-center">
                <span class="fw-bold me-2">Termination date (if applicable)</span>
                <div class="o_field_widget o_field_char ms-2 w-60">
                    <DateTimeField name="'termination_date'" record="record" id="'termination_date'" placeholder.translate="Termination date (if applicable)"/>
                </div>
            </div>
            <div class="d-flex mx-auto align-items-center">
                <span class="fw-bold me-2">Termination agreement link</span>
                <CharWithLinkField name="'termination_agreement_link'" record="record" id="'termination_agreement_link'" placeholder.translate="Termination agreement link"/>
            </div>
        </xpath>
    </t>
</templates>